model,task,split,alpha,k,eligible_users,recall,ndcg,hit_rate,precision
best_hybrid,purchase,test,1.0,5,212,0.09072327044025158,0.06194750054020856,0.12735849056603774,0.026415094339622643
best_hybrid,purchase,test,1.0,10,212,0.15125786163522015,0.08314870453843481,0.21226415094339623,0.021698113207547172
best_hybrid,purchase,test,1.0,20,212,0.22672955974842768,0.10387958535092305,0.29245283018867924,0.016273584905660377
best_hybrid,viewplus,test,1.0,5,611,0.04696649502312121,0.08744380414588093,0.33878887070376434,0.0828150572831424
best_hybrid,viewplus,test,1.0,10,611,0.08780054295619252,0.09543841746348855,0.5008183306055647,0.07577741407528642
best_hybrid,viewplus,test,1.0,20,611,0.16466018038055263,0.12254629407950891,0.6955810147299509,0.06898527004909984
best_hybrid,favoriteplus,test,1.0,5,485,0.05490181639666176,0.0455437411347545,0.1402061855670103,0.0288659793814433
best_hybrid,favoriteplus,test,1.0,10,485,0.09762068401243659,0.06269259967209943,0.23711340206185566,0.02577319587628866
best_hybrid,favoriteplus,test,1.0,20,485,0.17938962526591393,0.08939450564073047,0.3731958762886598,0.023505154639175258
