name,description,category_parent,category_name,category_slug,tags,price,rarity,reality_type,status,catalog_version,generation_seed,danger,luxury,novelty,historical_value,technology_level,natural_significance,fantasy_level,space_affinity,power
Mars,A rust-colored planet with excellent views and a demanding commute.,Space,Planet,planet,space|natural|massive|rare|powerful|luxury,317500000000000000000,0.7145,real,available,synthetic_product_v1,42,0.8957,0.8668,0.8533,0.4506,0.1349,0.9162,0.1203,0.9446,0.9575
Venus,"A singular planet known for being space, natural, and unusually massive.",Space,Planet,planet,space|natural|massive|rare|unexplored|luxury,695000000000000000000,0.6769,real,coming_soon,synthetic_product_v1,42,0.7156,1.0,0.7779,0.5933,0.1706,0.958,0.1106,1.0,1.0
Jupiter,This real planet combines space character with natural value and massive appeal.,Space,Planet,planet,space|natural|massive|rare,5373000000000000000000,0.8556,real,available,synthetic_product_v1,42,0.6399,0.9688,0.9392,0.5816,0.136,0.9617,0.1341,0.8844,0.9328
Neptune,"Neptune is a real planet selected for its space, natural, and massive qualities.",Space,Planet,planet,space|natural|massive|rare|destructive,772500000000000000000,0.8013,real,coming_soon,synthetic_product_v1,42,0.8045,0.8892,0.8472,0.6406,0.2102,0.9857,0.2161,0.8709,0.9152
Crimson Exoplanet,This real planet combines space character with natural value and massive appeal.,Space,Planet,planet,space|natural|massive|rare|unexplored|exclusive,2155000000000000000000,0.7526,real,available,synthetic_product_v1,42,0.6786,0.8612,0.8497,0.5277,0.0837,0.9412,0.1729,0.9696,0.9258
Silent Exoplanet,"A singular planet known for being space, natural, and unusually massive.",Space,Planet,planet,space|natural|massive|rare|valuable|mysterious,601800000000000000000,0.5804,speculative,available,synthetic_product_v1,42,0.7969,0.848,0.8274,0.5435,0.2465,0.96,0.197,1.0,0.9686
Golden Exoplanet,"Golden Exoplanet is a real planet selected for its space, natural, and massive qualities.",Space,Planet,planet,space|natural|massive|rare,310000000000000000000,0.6976,real,available,synthetic_product_v1,42,0.7348,0.9681,0.7968,0.5352,0.2673,0.9681,0.0551,0.9825,0.7582
Obsidian Exoplanet,This real planet combines space character with natural value and massive appeal.,Space,Planet,planet,space|natural|massive|rare|exclusive|valuable,606800000000000000000,0.692,real,available,synthetic_product_v1,42,0.8377,0.8911,0.807,0.5162,0.112,0.8392,0.1602,1.0,0.8765
Moon,"Earth's only natural satellite, offered with tides and phases included.",Space,Satellite,satellite,space|natural|scientific|exclusive|mysterious|valuable,5814000000000000000,0.8307,real,available,synthetic_product_v1,42,0.5757,0.8516,0.9044,0.5057,0.1317,0.8652,0.068,0.9818,0.7388
Europa,This real satellite combines space character with natural value and scientific appeal.,Space,Satellite,satellite,space|natural|scientific|exclusive|mysterious,3626000000000000000,0.8641,real,available,synthetic_product_v1,42,0.4175,0.7747,0.8502,0.6846,0.3737,1.0,0.0,1.0,0.5754
Titan,"A singular satellite known for being space, natural, and unusually scientific.",Space,Satellite,satellite,space|natural|scientific|exclusive|unexplored,1869000000000000000,0.7808,real,available,synthetic_product_v1,42,0.6526,0.9328,0.8291,0.5642,0.2793,0.834,0.0606,1.0,0.702
Crimson Moon,"Crimson Moon is a speculative satellite selected for its space, natural, and scientific qualities.",Space,Satellite,satellite,space|natural|scientific|exclusive|valuable,9181000000000000000,0.6644,speculative,sold_out,synthetic_product_v1,42,0.4369,0.8425,0.8134,0.6362,0.2147,0.7371,0.0096,1.0,0.7209
Silent Moon,This speculative satellite combines space character with natural value and scientific appeal.,Space,Satellite,satellite,space|natural|scientific|exclusive|valuable|luxury,4262000000000000000,0.8471,speculative,available,synthetic_product_v1,42,0.547,0.9521,0.9482,0.6016,0.1494,0.8752,0.0951,0.9033,0.6837
Golden Moon,This real satellite combines space character with natural value and scientific appeal.,Space,Satellite,satellite,space|natural|scientific|exclusive|unexplored,6042000000000000000,0.7104,real,available,synthetic_product_v1,42,0.612,0.8055,0.8313,0.6473,0.2987,0.991,0.0642,1.0,0.6485
Obsidian Moon,"A singular satellite known for being space, natural, and unusually scientific.",Space,Satellite,satellite,space|natural|scientific|exclusive|mysterious|luxury,1502000000000000000,0.9128,real,available,synthetic_product_v1,42,0.5666,0.9217,0.8943,0.5326,0.2632,0.924,0.0084,0.9911,0.6388
The Sun,"A singular star & cosmic object known for being space, massive, and unusually powerful.",Space,Star & Cosmic Object,star-cosmic-object,space|massive|powerful|destructive|exclusive|dangerous,27260000000000000000000000,0.9342,real,available,synthetic_product_v1,42,0.8784,0.8198,0.9875,0.258,0.0026,0.951,0.2937,1.0,1.0
Andromeda Galaxy,This real star & cosmic object combines space character with massive value and powerful appeal.,Space,Star & Cosmic Object,star-cosmic-object,space|massive|powerful|destructive|natural|dangerous,10420000000000000000000000,0.6467,real,available,synthetic_product_v1,42,0.8544,0.7822,0.8186,0.2602,0.1195,0.9436,0.2352,0.9244,1.0
Halley's Comet,"Halley's Comet is a real star & cosmic object selected for its space, massive, and powerful qualities.",Space,Star & Cosmic Object,star-cosmic-object,space|massive|powerful|destructive|luxury|unexplored,153500000000000000000000000,0.8549,real,available,synthetic_product_v1,42,0.9546,0.8545,0.9879,0.3557,0.1085,1.0,0.2334,1.0,1.0
Crimson Cosmic Object,"A singular star & cosmic object known for being space, massive, and unusually powerful.",Space,Star & Cosmic Object,star-cosmic-object,space|massive|powerful|destructive|mysterious|unexplored,22560000000000000000000000,0.7195,real,available,synthetic_product_v1,42,1.0,0.9307,0.8444,0.4374,0.0914,0.9306,0.2388,0.8839,1.0
Silent Cosmic Object,This real star & cosmic object combines space character with massive value and powerful appeal.,Space,Star & Cosmic Object,star-cosmic-object,space|massive|powerful|destructive|luxury|valuable,109200000000000000000000000,0.8967,real,available,synthetic_product_v1,42,0.8977,1.0,0.9846,0.3776,0.0194,0.9963,0.3078,0.9434,1.0
Golden Cosmic Object,"A singular star & cosmic object known for being space, massive, and unusually powerful.",Space,Star & Cosmic Object,star-cosmic-object,space|massive|powerful|destructive|valuable,37760000000000000000000000,0.8008,real,available,synthetic_product_v1,42,0.9658,0.9541,0.9521,0.4743,0.0153,0.9669,0.2184,1.0,1.0
Obsidian Cosmic Object,"A singular star & cosmic object known for being space, massive, and unusually powerful.",Space,Star & Cosmic Object,star-cosmic-object,space|massive|powerful|destructive|valuable|luxury,198700000000000000000000000,0.9883,real,available,synthetic_product_v1,42,1.0,1.0,0.9958,0.329,0.0284,1.0,0.1246,0.9733,0.9805
International Space Station,A legendary orbital laboratory with panoramic windows and zero gravity.,Space,Spacecraft,spacecraft,space|technology|scientific|exclusive|unexplored|artificial,30040000000000,0.6863,real,available,synthetic_product_v1,42,0.6196,0.7581,0.7816,0.583,0.9329,0.0,0.0851,1.0,0.6774
Apollo 11,"A singular spacecraft known for being space, technology, and unusually scientific.",Space,Spacecraft,spacecraft,space|technology|scientific|exclusive|artificial|unexplored,811300000000000,0.6781,real,available,synthetic_product_v1,42,0.7329,0.7626,0.759,0.6108,1.0,0.0659,0.167,0.9692,0.7897
Voyager 1,"A singular spacecraft known for being space, technology, and unusually scientific.",Space,Spacecraft,spacecraft,space|technology|scientific|exclusive|luxury,159800000000000,0.6593,speculative,coming_soon,synthetic_product_v1,42,0.5908,0.8579,0.7659,0.5628,0.8348,0.1066,0.1384,1.0,0.7301
Crimson Starship,"Crimson Starship is a real spacecraft selected for its space, technology, and scientific qualities.",Space,Spacecraft,spacecraft,space|technology|scientific|exclusive|valuable,63990000000000,0.598,real,available,synthetic_product_v1,42,0.7441,0.8398,0.7443,0.6429,0.7906,0.0844,0.0606,0.9963,0.6978
Silent Starship,"Silent Starship is a real spacecraft selected for its space, technology, and scientific qualities.",Space,Spacecraft,spacecraft,space|technology|scientific|exclusive|unexplored,497700000000000,0.7251,real,available,synthetic_product_v1,42,0.6671,0.9465,0.8139,0.6642,1.0,0.1182,0.187,0.9681,0.7505
Golden Starship,"A singular spacecraft known for being space, technology, and unusually scientific.",Space,Spacecraft,spacecraft,space|technology|scientific|exclusive|dangerous,347800000000000,0.7939,speculative,available,synthetic_product_v1,42,0.8293,0.868,0.8157,0.5648,0.9544,0.0855,0.0656,1.0,0.6029
Obsidian Starship,This real spacecraft combines space character with technology value and scientific appeal.,Space,Spacecraft,spacecraft,space|technology|scientific|exclusive|artificial,303300000000000,0.7957,real,available,synthetic_product_v1,42,0.8259,0.6981,0.7691,0.7351,0.8676,0.0322,0.142,0.9857,0.7732
Luminous Starship,This speculative spacecraft combines space character with technology value and scientific appeal.,Space,Spacecraft,spacecraft,space|technology|scientific|exclusive,172500000000000,0.7727,speculative,unavailable,synthetic_product_v1,42,0.7031,0.8374,0.8515,0.6659,0.9307,0.1053,0.1507,1.0,0.6661
Roman Empire,A vast historical civilization supplied with roads and administrative overhead.,History,Empire & Nation,empire-nation,historic|cultural|powerful|massive|exclusive|valuable,74130000000000000000000,0.7005,historical,available,synthetic_product_v1,42,0.7494,0.8156,0.742,1.0,0.2621,0.3066,0.2717,0.023,0.9234
Byzantine Empire,"Byzantine Empire is a historical empire & nation selected for its historic, cultural, and powerful qualities.",History,Empire & Nation,empire-nation,historic|cultural|powerful|massive|exclusive,768700000000000000000,0.5599,historical,available,synthetic_product_v1,42,0.7207,0.758,0.6774,1.0,0.2997,0.3977,0.2185,0.0529,0.8768
Kingdom of Kush,"A singular empire & nation known for being historic, cultural, and unusually powerful.",History,Empire & Nation,empire-nation,historic|cultural|powerful|massive|valuable,67810000000000000000000,0.7904,historical,available,synthetic_product_v1,42,0.6846,0.9125,0.7368,1.0,0.3356,0.4567,0.1042,0.0527,0.8609
Crimson Lost Realm,This historical empire & nation combines historic character with cultural value and powerful appeal.,History,Empire & Nation,empire-nation,historic|cultural|powerful|massive|luxury|exclusive,49380000000000000000000,0.7965,historical,available,synthetic_product_v1,42,0.6589,1.0,0.7509,0.9789,0.3051,0.3099,0.1895,0.0,0.9507
Silent Lost Realm,"A singular empire & nation known for being historic, cultural, and unusually powerful.",History,Empire & Nation,empire-nation,historic|cultural|powerful|massive|luxury,18860000000000000000000,0.7444,historical,available,synthetic_product_v1,42,0.7127,0.8696,0.7948,1.0,0.2728,0.3907,0.3435,0.043,0.9185
Golden Lost Realm,"A singular empire & nation known for being historic, cultural, and unusually powerful.",History,Empire & Nation,empire-nation,historic|cultural|powerful|massive|destructive|exclusive,8130000000000000000000,0.827,historical,available,synthetic_product_v1,42,0.8322,0.7908,0.848,0.8665,0.2931,0.4343,0.1606,0.0667,0.8848
Obsidian Lost Realm,"Obsidian Lost Realm is a real empire & nation selected for its historic, cultural, and powerful qualities.",History,Empire & Nation,empire-nation,historic|cultural|powerful|massive|luxury,4007000000000000000000,0.6663,real,available,synthetic_product_v1,42,0.6729,0.8739,0.695,1.0,0.3378,0.4931,0.1573,0.0293,0.9531
Luminous Lost Realm,This historical empire & nation combines historic character with cultural value and powerful appeal.,History,Empire & Nation,empire-nation,historic|cultural|powerful|massive|valuable,75990000000000000000000,0.7395,historical,unavailable,synthetic_product_v1,42,0.7488,0.9904,0.6534,0.9261,0.3291,0.2997,0.2278,0.0,1.0
Forgotten Lost Realm,"A singular empire & nation known for being historic, cultural, and unusually powerful.",History,Empire & Nation,empire-nation,historic|cultural|powerful|massive|valuable,15650000000000000000000,0.594,historical,available,synthetic_product_v1,42,0.7086,0.9388,0.7286,0.8924,0.3122,0.3874,0.2835,0.0883,1.0
Celestial Lost Realm,"A singular empire & nation known for being historic, cultural, and unusually powerful.",History,Empire & Nation,empire-nation,historic|cultural|powerful|massive|exclusive|luxury,73300000000000000000000,0.8316,historical,sold_out,synthetic_product_v1,42,0.7386,0.9155,0.6981,0.9742,0.3258,0.3176,0.1837,0.0605,0.9117
Rosetta Stone,"Rosetta Stone is a historical historical artifact selected for its historic, collectible, and rare qualities.",History,Historical Artifact,historical-artifact,historic|collectible|rare|valuable|luxury,858700000000,0.762,historical,sold_out,synthetic_product_v1,42,0.2567,0.8742,0.8585,0.9568,0.2308,0.3295,0.3901,0.1201,0.7046
Antikythera Mechanism,"Antikythera Mechanism is a historical historical artifact selected for its historic, collectible, and rare qualities.",History,Historical Artifact,historical-artifact,historic|collectible|rare|valuable|cultural,115100000000,0.6525,historical,available,synthetic_product_v1,42,0.4344,0.6682,0.7077,0.9497,0.4223,0.2216,0.2063,0.0,0.6102
Crown of Charlemagne,This historical historical artifact combines historic character with collectible value and rare appeal.,History,Historical Artifact,historical-artifact,historic|collectible|rare|valuable|cultural|luxury,597300000000,0.5811,historical,available,synthetic_product_v1,42,0.3026,0.8123,0.7408,0.9315,0.2045,0.1567,0.183,0.0,0.5527
Crimson Ancient Relic,"Crimson Ancient Relic is a historical historical artifact selected for its historic, collectible, and rare qualities.",History,Historical Artifact,historical-artifact,historic|collectible|rare|valuable|cultural|luxury,5182000000000,0.8414,historical,available,synthetic_product_v1,42,0.4548,0.8188,0.8597,1.0,0.3588,0.2943,0.2065,0.0,0.6494
Silent Ancient Relic,"Silent Ancient Relic is a real historical artifact selected for its historic, collectible, and rare qualities.",History,Historical Artifact,historical-artifact,historic|collectible|rare|valuable|mysterious|cultural,231300000000,0.7801,real,available,synthetic_product_v1,42,0.4166,0.7697,0.9686,0.9786,0.2709,0.1916,0.2528,0.0395,0.5803
Golden Ancient Relic,"A singular historical artifact known for being historic, collectible, and unusually rare.",History,Historical Artifact,historical-artifact,historic|collectible|rare|valuable|cultural,163400000000,0.6382,historical,available,synthetic_product_v1,42,0.2846,0.7362,0.6938,0.958,0.3287,0.1946,0.1761,0.0,0.6725
Obsidian Ancient Relic,"A singular historical artifact known for being historic, collectible, and unusually rare.",History,Historical Artifact,historical-artifact,historic|collectible|rare|valuable|luxury,709000000000,0.6472,historical,available,synthetic_product_v1,42,0.3854,0.8817,0.7373,0.9849,0.1406,0.365,0.2233,0.0,0.5607
Luminous Ancient Relic,This historical historical artifact combines historic character with collectible value and rare appeal.,History,Historical Artifact,historical-artifact,historic|collectible|rare|valuable|cultural|mysterious,386900000000,0.6917,historical,available,synthetic_product_v1,42,0.3628,0.7006,0.8555,1.0,0.2266,0.2179,0.1751,0.1107,0.6415
Forgotten Ancient Relic,"Forgotten Ancient Relic is a historical historical artifact selected for its historic, collectible, and rare qualities.",History,Historical Artifact,historical-artifact,historic|collectible|rare|valuable|luxury|cultural,2188000000000,0.7882,historical,available,synthetic_product_v1,42,0.3389,0.8423,0.8111,0.9527,0.3089,0.3096,0.3505,0.0962,0.6621
Celestial Ancient Relic,"A singular historical artifact known for being historic, collectible, and unusually rare.",History,Historical Artifact,historical-artifact,historic|collectible|rare|valuable|luxury|cultural,864900000000,0.7178,historical,available,synthetic_product_v1,42,0.3437,0.8594,0.7701,1.0,0.2243,0.178,0.3391,0.0402,0.6439
Great Pyramid,"A singular monument & architecture known for being historic, cultural, and unusually massive.",History,Monument & Architecture,monument-architecture,historic|cultural|massive|beautiful,2792000000000000,0.6641,real,available,synthetic_product_v1,42,0.2637,0.7732,0.7096,0.9987,0.2682,0.4435,0.1771,0.0,0.7287
Colosseum,"Colosseum is a historical monument & architecture selected for its historic, cultural, and massive qualities.",History,Monument & Architecture,monument-architecture,historic|cultural|massive|beautiful|luxury|valuable,1662000000000000,0.6086,historical,available,synthetic_product_v1,42,0.2639,0.8335,0.5816,0.9962,0.2161,0.4701,0.1771,0.0,0.7393
Hanging Gardens,This historical monument & architecture combines historic character with cultural value and massive appeal.,History,Monument & Architecture,monument-architecture,historic|cultural|massive|beautiful,3003000000000000,0.6752,historical,available,synthetic_product_v1,42,0.3068,0.7747,0.6623,0.8469,0.2655,0.5195,0.158,0.1086,0.7354
Crimson Monument,This historical monument & architecture combines historic character with cultural value and massive appeal.,History,Monument & Architecture,monument-architecture,historic|cultural|massive|beautiful|valuable,30990000000000000,0.7984,historical,available,synthetic_product_v1,42,0.411,0.8215,0.582,0.9731,0.2649,0.3523,0.1946,0.0261,0.8246
Silent Monument,This historical monument & architecture combines historic character with cultural value and massive appeal.,History,Monument & Architecture,monument-architecture,historic|cultural|massive|beautiful,11190000000000000,0.7369,historical,available,synthetic_product_v1,42,0.3136,0.8254,0.6682,0.9393,0.2368,0.5047,0.2115,0.0969,0.842
Golden Monument,"Golden Monument is a historical monument & architecture selected for its historic, cultural, and massive qualities.",History,Monument & Architecture,monument-architecture,historic|cultural|massive|beautiful,3463000000000000,0.6804,historical,available,synthetic_product_v1,42,0.3181,0.747,0.6085,0.8797,0.1825,0.3665,0.1189,0.0,0.7163
Obsidian Monument,This historical monument & architecture combines historic character with cultural value and massive appeal.,History,Monument & Architecture,monument-architecture,historic|cultural|massive|beautiful,885000000000000,0.6688,historical,available,synthetic_product_v1,42,0.3075,0.7887,0.6208,0.971,0.2391,0.438,0.1489,0.0048,0.748
Luminous Monument,This historical monument & architecture combines historic character with cultural value and massive appeal.,History,Monument & Architecture,monument-architecture,historic|cultural|massive|beautiful|luxury,31320000000000000,0.7368,historical,coming_soon,synthetic_product_v1,42,0.1734,0.9109,0.7403,0.9755,0.2582,0.386,0.1739,0.0,0.7581
Forgotten Monument,"Forgotten Monument is a historical monument & architecture selected for its historic, cultural, and massive qualities.",History,Monument & Architecture,monument-architecture,historic|cultural|massive|beautiful|valuable,25240000000000000,0.7374,historical,available,synthetic_product_v1,42,0.1539,0.8581,0.7126,0.9684,0.2434,0.4453,0.1358,0.0925,0.8325
Celestial Monument,"A singular monument & architecture known for being historic, cultural, and unusually massive.",History,Monument & Architecture,monument-architecture,historic|cultural|massive|beautiful|luxury|valuable,16280000000000000,0.7611,historical,available,synthetic_product_v1,42,0.3082,0.8604,0.7325,0.9201,0.1971,0.3646,0.2145,0.0,0.8281
Tyrannosaurus Rex,A reconstructed apex predator requiring a very sturdy enclosure.,Creatures,Extinct Creature,extinct-creature,prehistoric|natural|dangerous|rare|cultural|destructive,12750000000,0.6519,historical,available,synthetic_product_v1,42,0.91,0.5588,0.8471,0.9542,0.0,0.867,0.1744,0.0,0.7272
Dodo,This historical extinct creature combines prehistoric character with natural value and dangerous appeal.,Creatures,Extinct Creature,extinct-creature,prehistoric|natural|dangerous|rare|mysterious|destructive,11580000000,0.7182,historical,available,synthetic_product_v1,42,0.9342,0.5181,0.8979,0.709,0.0412,0.8887,0.235,0.0501,0.5916
Woolly Mammoth,"A singular extinct creature known for being prehistoric, natural, and unusually dangerous.",Creatures,Extinct Creature,extinct-creature,prehistoric|natural|dangerous|rare|mysterious,5823000000,0.6456,historical,available,synthetic_product_v1,42,0.7911,0.554,0.9044,0.7792,0.1245,0.9116,0.09,0.0,0.7601
Crimson Extinct Beast,This historical extinct creature combines prehistoric character with natural value and dangerous appeal.,Creatures,Extinct Creature,extinct-creature,prehistoric|natural|dangerous|rare|destructive,11570000000,0.6892,historical,sold_out,synthetic_product_v1,42,0.8671,0.6146,0.9325,0.9106,0.0646,0.9284,0.241,0.028,0.696
Silent Extinct Beast,"A singular extinct creature known for being prehistoric, natural, and unusually dangerous.",Creatures,Extinct Creature,extinct-creature,prehistoric|natural|dangerous|rare|destructive,33760000000,0.8543,historical,available,synthetic_product_v1,42,0.9136,0.5689,1.0,0.9343,0.0,1.0,0.11,0.0,0.701
Golden Extinct Beast,"Golden Extinct Beast is a historical extinct creature selected for its prehistoric, natural, and dangerous qualities.",Creatures,Extinct Creature,extinct-creature,prehistoric|natural|dangerous|rare,4076000000,0.6592,historical,available,synthetic_product_v1,42,0.8808,0.5101,0.857,0.8101,0.1229,0.9125,0.1824,0.1,0.5652
Obsidian Extinct Beast,"Obsidian Extinct Beast is a historical extinct creature selected for its prehistoric, natural, and dangerous qualities.",Creatures,Extinct Creature,extinct-creature,prehistoric|natural|dangerous|rare|destructive,4491000000,0.7307,historical,available,synthetic_product_v1,42,0.8769,0.6088,0.9308,0.735,0.0,0.8429,0.143,0.0,0.6076
Luminous Extinct Beast,This real extinct creature combines prehistoric character with natural value and dangerous appeal.,Creatures,Extinct Creature,extinct-creature,prehistoric|natural|dangerous|rare|cultural|mysterious,14920000000,0.6825,real,available,synthetic_product_v1,42,0.9929,0.657,1.0,0.8806,0.095,0.9684,0.0748,0.0,0.6737
Forgotten Extinct Beast,"A singular extinct creature known for being prehistoric, natural, and unusually dangerous.",Creatures,Extinct Creature,extinct-creature,prehistoric|natural|dangerous|rare|cultural|mysterious,4067000000,0.6032,real,available,synthetic_product_v1,42,0.9142,0.5136,0.8382,0.8755,0.0286,0.9072,0.1,0.0183,0.6993
Phoenix,This fictional mythical creature combines fantasy character with legendary value and powerful appeal.,Creatures,Mythical Creature,mythical-creature,fantasy|legendary|powerful|mysterious|exclusive,553500000000,0.8653,fictional,sold_out,synthetic_product_v1,42,0.8626,0.6913,1.0,0.7671,0.0748,0.5112,0.9663,0.1,0.9931
Dragon,"A singular mythical creature known for being fantasy, legendary, and unusually powerful.",Creatures,Mythical Creature,mythical-creature,fantasy|legendary|powerful|mysterious|exclusive|rare,571100000000,0.8204,fictional,available,synthetic_product_v1,42,0.8919,0.8057,1.0,0.6348,0.0425,0.5182,1.0,0.1036,0.8523
Kraken,"A singular mythical creature known for being fantasy, legendary, and unusually powerful.",Creatures,Mythical Creature,mythical-creature,fantasy|legendary|powerful|mysterious|exclusive|dangerous,387100000000,0.7375,fictional,sold_out,synthetic_product_v1,42,0.8165,0.7304,0.9318,0.6764,0.1009,0.4954,1.0,0.0001,0.8684
Crimson Mythical Creature,"Crimson Mythical Creature is a fictional mythical creature selected for its fantasy, legendary, and powerful qualities.",Creatures,Mythical Creature,mythical-creature,fantasy|legendary|powerful|mysterious|exclusive,145900000000,0.7815,fictional,available,synthetic_product_v1,42,0.9642,0.7976,0.9194,0.6501,0.0426,0.4373,0.9894,0.0471,0.9606
Silent Mythical Creature,This fictional mythical creature combines fantasy character with legendary value and powerful appeal.,Creatures,Mythical Creature,mythical-creature,fantasy|legendary|powerful|mysterious|rare,559300000000,0.7987,fictional,available,synthetic_product_v1,42,0.7122,0.7497,1.0,0.6643,0.042,0.4902,0.9091,0.1143,0.795
Golden Mythical Creature,"A singular mythical creature known for being fantasy, legendary, and unusually powerful.",Creatures,Mythical Creature,mythical-creature,fantasy|legendary|powerful|mysterious|rare|dangerous,965000000000,0.7682,fictional,available,synthetic_product_v1,42,0.8091,0.7555,1.0,0.7273,0.1167,0.4938,1.0,0.2098,0.9426
Obsidian Mythical Creature,"Obsidian Mythical Creature is a fictional mythical creature selected for its fantasy, legendary, and powerful qualities.",Creatures,Mythical Creature,mythical-creature,fantasy|legendary|powerful|mysterious,2547000000000,0.828,fictional,available,synthetic_product_v1,42,0.8345,0.721,0.9569,0.6713,0.0337,0.4434,1.0,0.157,0.884
Luminous Mythical Creature,This fictional mythical creature combines fantasy character with legendary value and powerful appeal.,Creatures,Mythical Creature,mythical-creature,fantasy|legendary|powerful|mysterious|destructive,257700000000,0.8245,fictional,available,synthetic_product_v1,42,0.7951,0.7339,1.0,0.6961,0.0693,0.5828,0.9111,0.1445,0.8886
Immortal Jellyfish,"Immortal Jellyfish is a real extraordinary animal selected for its natural, rare, and beautiful qualities.",Creatures,Extraordinary Animal,extraordinary-animal,natural|rare|beautiful|powerful|mysterious,357300000,0.6452,real,available,synthetic_product_v1,42,0.5049,0.7055,0.8695,0.3534,0.083,1.0,0.2963,0.0,0.6975
Giant Blue Whale,This speculative extraordinary animal combines natural character with rare value and beautiful appeal.,Creatures,Extraordinary Animal,extraordinary-animal,natural|rare|beautiful|powerful,21060000,0.7134,speculative,available,synthetic_product_v1,42,0.5786,0.6142,0.7245,0.4063,0.1001,0.9819,0.2431,0.0,0.5867
White Lion,This real extraordinary animal combines natural character with rare value and beautiful appeal.,Creatures,Extraordinary Animal,extraordinary-animal,natural|rare|beautiful|powerful|mysterious,1639000000,0.852,real,unavailable,synthetic_product_v1,42,0.7222,0.6179,0.9412,0.3168,0.1018,0.9929,0.1931,0.0567,0.6081
Crimson Extraordinary Animal,This real extraordinary animal combines natural character with rare value and beautiful appeal.,Creatures,Extraordinary Animal,extraordinary-animal,natural|rare|beautiful|powerful,410400000,0.7191,real,available,synthetic_product_v1,42,0.6362,0.7031,0.8561,0.4354,0.0876,0.9117,0.2201,0.0354,0.7647
Silent Extraordinary Animal,"A singular extraordinary animal known for being natural, rare, and unusually beautiful.",Creatures,Extraordinary Animal,extraordinary-animal,natural|rare|beautiful|powerful,266600000,0.6764,real,available,synthetic_product_v1,42,0.736,0.5652,0.7715,0.3979,0.1288,1.0,0.2497,0.0,0.6321
Golden Extraordinary Animal,"A singular extraordinary animal known for being natural, rare, and unusually beautiful.",Creatures,Extraordinary Animal,extraordinary-animal,natural|rare|beautiful|powerful|mysterious,926000000,0.7352,real,available,synthetic_product_v1,42,0.5733,0.6667,0.8846,0.4382,0.0179,0.9226,0.2538,0.0,0.5192
Obsidian Extraordinary Animal,This real extraordinary animal combines natural character with rare value and beautiful appeal.,Creatures,Extraordinary Animal,extraordinary-animal,natural|rare|beautiful|powerful,645200000,0.6716,real,available,synthetic_product_v1,42,0.6315,0.7244,0.7745,0.3444,0.1257,1.0,0.4035,0.0,0.74
Luminous Extraordinary Animal,"Luminous Extraordinary Animal is a real extraordinary animal selected for its natural, rare, and beautiful qualities.",Creatures,Extraordinary Animal,extraordinary-animal,natural|rare|beautiful|powerful,1055000000,0.7322,real,available,synthetic_product_v1,42,0.704,0.7286,0.7837,0.2629,0.146,0.88,0.2571,0.0,0.7393
Time Machine,A prototype temporal vehicle whose warranty begins before purchase.,Technology,Impossible Technology,impossible-technology,technology|impossible|powerful|mysterious|valuable|exclusive,52990000000000,0.7935,speculative,available,synthetic_product_v1,42,0.6329,0.851,0.9415,0.2625,0.9615,0.1219,0.6299,0.2833,0.907
Teleportation Device,"Teleportation Device is a fictional impossible technology selected for its technology, impossible, and powerful qualities.",Technology,Impossible Technology,impossible-technology,technology|impossible|powerful|mysterious,199200000000000,0.8696,fictional,available,synthetic_product_v1,42,0.7367,0.8564,1.0,0.2955,0.9116,0.1153,0.6193,0.2471,1.0
Matter Replicator,This fictional impossible technology combines technology character with impossible value and powerful appeal.,Technology,Impossible Technology,impossible-technology,technology|impossible|powerful|mysterious|artificial|valuable,141500000000000,0.7536,fictional,available,synthetic_product_v1,42,0.5604,0.8924,0.9585,0.4164,1.0,0.0,0.6777,0.2218,1.0
Crimson Impossible Device,This speculative impossible technology combines technology character with impossible value and powerful appeal.,Technology,Impossible Technology,impossible-technology,technology|impossible|powerful|mysterious|artificial|valuable,58380000000000,0.8374,speculative,available,synthetic_product_v1,42,0.6751,0.8529,1.0,0.3016,1.0,0.088,0.6061,0.2993,1.0
Silent Impossible Device,"A singular impossible technology known for being technology, impossible, and unusually powerful.",Technology,Impossible Technology,impossible-technology,technology|impossible|powerful|mysterious|valuable,103100000000000,0.8252,fictional,sold_out,synthetic_product_v1,42,0.6704,0.9643,0.9899,0.3165,0.9432,0.1511,0.6092,0.2744,1.0
Golden Impossible Device,"A singular impossible technology known for being technology, impossible, and unusually powerful.",Technology,Impossible Technology,impossible-technology,technology|impossible|powerful|mysterious|artificial|scientific,350800000000000,0.9895,speculative,available,synthetic_product_v1,42,0.8038,1.0,0.9963,0.2453,0.937,0.1545,0.55,0.2294,0.9632
Obsidian Impossible Device,This speculative impossible technology combines technology character with impossible value and powerful appeal.,Technology,Impossible Technology,impossible-technology,technology|impossible|powerful|mysterious|exclusive|rare,83630000000000,0.7642,speculative,available,synthetic_product_v1,42,0.7804,0.809,0.9148,0.3588,1.0,0.2051,0.6812,0.2598,1.0
Luminous Impossible Device,This speculative impossible technology combines technology character with impossible value and powerful appeal.,Technology,Impossible Technology,impossible-technology,technology|impossible|powerful|mysterious|artificial,31270000000000,0.719,speculative,available,synthetic_product_v1,42,0.6374,0.9086,1.0,0.2806,0.92,0.0331,0.5913,0.1332,0.9506
Forgotten Impossible Device,"Forgotten Impossible Device is a speculative impossible technology selected for its technology, impossible, and powerful qualities.",Technology,Impossible Technology,impossible-technology,technology|impossible|powerful|mysterious|valuable|artificial,9617000000000,0.9001,speculative,available,synthetic_product_v1,42,0.6455,0.8119,1.0,0.3146,0.9501,0.1204,0.7177,0.1176,1.0
Celestial Impossible Device,"Celestial Impossible Device is a fictional impossible technology selected for its technology, impossible, and powerful qualities.",Technology,Impossible Technology,impossible-technology,technology|impossible|powerful|mysterious|valuable|scientific,7919000000000,0.7778,fictional,available,synthetic_product_v1,42,0.7243,0.8544,0.9521,0.2803,1.0,0.1177,0.6514,0.2709,1.0
Flying Car,"A singular vehicle known for being technology, artificial, and unusually luxury.",Technology,Vehicle,vehicle,technology|artificial|luxury|powerful,7183000000,0.5792,speculative,available,synthetic_product_v1,42,0.7339,0.8535,0.6488,0.5023,1.0,0.1095,0.2845,0.1736,0.7346
Personal Submarine,"A singular vehicle known for being technology, artificial, and unusually luxury.",Technology,Vehicle,vehicle,technology|artificial|luxury|powerful,7746000000,0.6381,speculative,available,synthetic_product_v1,42,0.6599,0.7594,0.6992,0.3181,0.8456,0.1674,0.1736,0.2343,0.8029
Supersonic Train,"A singular vehicle known for being technology, artificial, and unusually luxury.",Technology,Vehicle,vehicle,technology|artificial|luxury|powerful,75560000000,0.746,speculative,coming_soon,synthetic_product_v1,42,0.767,0.7489,0.7921,0.3883,0.7669,0.2087,0.2052,0.1228,0.8435
Crimson Concept Vehicle,"Crimson Concept Vehicle is a speculative vehicle selected for its technology, artificial, and luxury qualities.",Technology,Vehicle,vehicle,technology|artificial|luxury|powerful|scientific,22610000000,0.7908,speculative,available,synthetic_product_v1,42,0.6224,0.7973,0.6798,0.4137,0.8865,0.1944,0.2006,0.2005,0.7599
Silent Concept Vehicle,"A singular vehicle known for being technology, artificial, and unusually luxury.",Technology,Vehicle,vehicle,technology|artificial|luxury|powerful|valuable|scientific,3082000000,0.6846,speculative,available,synthetic_product_v1,42,0.7112,0.8083,0.7961,0.4126,0.8583,0.0924,0.0645,0.2349,0.6778
Golden Concept Vehicle,This real vehicle combines technology character with artificial value and luxury appeal.,Technology,Vehicle,vehicle,technology|artificial|luxury|powerful|valuable,5947000000,0.7237,real,sold_out,synthetic_product_v1,42,0.7117,0.8885,0.6469,0.4084,0.7801,0.1277,0.1066,0.1276,0.7597
Obsidian Concept Vehicle,This real vehicle combines technology character with artificial value and luxury appeal.,Technology,Vehicle,vehicle,technology|artificial|luxury|powerful|scientific|valuable,4629000000,0.682,real,available,synthetic_product_v1,42,0.7608,0.893,0.7791,0.4858,0.825,0.1121,0.1911,0.1928,0.6944
Luminous Concept Vehicle,"Luminous Concept Vehicle is a speculative vehicle selected for its technology, artificial, and luxury qualities.",Technology,Vehicle,vehicle,technology|artificial|luxury|powerful|valuable|scientific,47240000000,0.6696,speculative,available,synthetic_product_v1,42,0.5778,0.8424,0.6094,0.4149,0.8451,0.1627,0.1999,0.155,0.7551
Forgotten Concept Vehicle,This speculative vehicle combines technology character with artificial value and luxury appeal.,Technology,Vehicle,vehicle,technology|artificial|luxury|powerful,25360000000,0.5345,speculative,sold_out,synthetic_product_v1,42,0.6436,0.7905,0.7398,0.5114,0.92,0.1283,0.034,0.0535,0.8472
Celestial Concept Vehicle,"A singular vehicle known for being technology, artificial, and unusually luxury.",Technology,Vehicle,vehicle,technology|artificial|luxury|powerful|scientific,1723000000,0.5726,speculative,available,synthetic_product_v1,42,0.6745,0.7754,0.7209,0.4249,0.9149,0.1471,0.3256,0.2794,0.8055
Quantum Computer,This real machine & device combines technology character with artificial value and scientific appeal.,Technology,Machine & Device,machine-device,technology|artificial|scientific|valuable,145100000,0.7246,real,available,synthetic_product_v1,42,0.4259,0.7009,0.8099,0.3754,1.0,0.095,0.2186,0.1247,0.7369
Weather Machine,This speculative machine & device combines technology character with artificial value and scientific appeal.,Technology,Machine & Device,machine-device,technology|artificial|scientific|valuable,376800000,0.6615,speculative,available,synthetic_product_v1,42,0.5358,0.7184,0.7441,0.3803,0.8961,0.0342,0.2545,0.1453,0.8145
Dream Recorder,This speculative machine & device combines technology character with artificial value and scientific appeal.,Technology,Machine & Device,machine-device,technology|artificial|scientific|valuable,457400000,0.5322,speculative,available,synthetic_product_v1,42,0.4107,0.7169,0.6311,0.4109,1.0,0.1786,0.2429,0.0554,0.8269
Crimson Experimental Machine,"A singular machine & device known for being technology, artificial, and unusually scientific.",Technology,Machine & Device,machine-device,technology|artificial|scientific|valuable|rare|mysterious,4361000000,0.8125,real,unavailable,synthetic_product_v1,42,0.276,0.7048,0.8405,0.3652,0.9127,0.0445,0.218,0.1185,0.7223
Silent Experimental Machine,This real machine & device combines technology character with artificial value and scientific appeal.,Technology,Machine & Device,machine-device,technology|artificial|scientific|valuable,5149000000,0.7889,real,available,synthetic_product_v1,42,0.4073,0.7813,0.7333,0.4323,0.9362,0.1271,0.3398,0.2112,0.7409
Golden Experimental Machine,"Golden Experimental Machine is a speculative machine & device selected for its technology, artificial, and scientific qualities.",Technology,Machine & Device,machine-device,technology|artificial|scientific|valuable,1718000000,0.8472,speculative,sold_out,synthetic_product_v1,42,0.3445,0.6203,0.7917,0.5019,0.8866,0.0179,0.1199,0.1169,0.7188
Obsidian Experimental Machine,"A singular machine & device known for being technology, artificial, and unusually scientific.",Technology,Machine & Device,machine-device,technology|artificial|scientific|valuable|exclusive|powerful,832100000,0.6343,speculative,available,synthetic_product_v1,42,0.3411,0.7861,0.6987,0.3813,0.8374,0.1038,0.3071,0.085,0.8713
Luminous Experimental Machine,This real machine & device combines technology character with artificial value and scientific appeal.,Technology,Machine & Device,machine-device,technology|artificial|scientific|valuable,1135000000,0.602,real,available,synthetic_product_v1,42,0.5037,0.6679,0.6783,0.443,0.9066,0.1359,0.2397,0.2515,0.7406
Forgotten Experimental Machine,This speculative machine & device combines technology character with artificial value and scientific appeal.,Technology,Machine & Device,machine-device,technology|artificial|scientific|valuable,461200000,0.6424,speculative,available,synthetic_product_v1,42,0.3838,0.6443,0.6684,0.3944,1.0,0.1911,0.2305,0.0606,0.8023
Celestial Experimental Machine,"Celestial Experimental Machine is a speculative machine & device selected for its technology, artificial, and scientific qualities.",Technology,Machine & Device,machine-device,technology|artificial|scientific|valuable|powerful|exclusive,521700000,0.6996,speculative,available,synthetic_product_v1,42,0.6129,0.6901,0.6272,0.3814,1.0,0.154,0.257,0.1022,0.8596
Private Island,"Private Island is a real island selected for its natural, exclusive, and beautiful qualities.",Geography,Island,island,natural|exclusive|beautiful|unexplored,98740000000000,0.6788,real,available,synthetic_product_v1,42,0.185,0.7445,0.7001,0.5425,0.1006,0.9405,0.2468,0.0,0.6404
Easter Island,This real island combines natural character with exclusive value and beautiful appeal.,Geography,Island,island,natural|exclusive|beautiful|unexplored|valuable|luxury,229000000000000,0.7705,real,available,synthetic_product_v1,42,0.2729,0.8182,0.7752,0.5842,0.0,0.9302,0.2429,0.065,0.6037
Surtsey,"Surtsey is a speculative island selected for its natural, exclusive, and beautiful qualities.",Geography,Island,island,natural|exclusive|beautiful|unexplored|luxury|valuable,827700000000000,0.8422,speculative,available,synthetic_product_v1,42,0.2265,0.894,0.7451,0.615,0.1131,0.897,0.3015,0.0,0.5733
Crimson Hidden Island,"Crimson Hidden Island is a real island selected for its natural, exclusive, and beautiful qualities.",Geography,Island,island,natural|exclusive|beautiful|unexplored,221200000000000,0.6348,real,available,synthetic_product_v1,42,0.3651,0.7105,0.7677,0.6887,0.0702,0.8714,0.2305,0.1463,0.6289
Silent Hidden Island,"Silent Hidden Island is a fictional island selected for its natural, exclusive, and beautiful qualities.",Geography,Island,island,natural|exclusive|beautiful|unexplored|luxury,71410000000000,0.5776,fictional,available,synthetic_product_v1,42,0.3644,0.8441,0.7544,0.6243,0.1948,1.0,0.1151,0.0,0.7298
Golden Hidden Island,"A singular island known for being natural, exclusive, and unusually beautiful.",Geography,Island,island,natural|exclusive|beautiful|unexplored|rare,91790000000000,0.6627,real,available,synthetic_product_v1,42,0.275,0.7038,0.8447,0.6009,0.0833,0.9743,0.2529,0.0257,0.5792
Obsidian Hidden Island,"A singular island known for being natural, exclusive, and unusually beautiful.",Geography,Island,island,natural|exclusive|beautiful|unexplored|luxury|mysterious,199100000000000,0.7421,real,available,synthetic_product_v1,42,0.1804,0.8113,0.8317,0.5205,0.1294,0.8955,0.2173,0.0076,0.5961
Luminous Hidden Island,This real island combines natural character with exclusive value and beautiful appeal.,Geography,Island,island,natural|exclusive|beautiful|unexplored|valuable,54580000000000,0.6644,real,available,synthetic_product_v1,42,0.2552,0.8041,0.728,0.6073,0.0957,0.9844,0.2772,0.0655,0.5873
Pacific Ocean,"The world's largest ocean, including its depths and weather systems.",Geography,Ocean & Sea,ocean-sea,natural|massive|dangerous|unexplored|mysterious|luxury,14810000000000000000000,0.7786,real,available,synthetic_product_v1,42,0.7667,0.8094,0.8357,0.6292,0.0677,1.0,0.1179,0.0839,0.8884
Mediterranean Sea,This real ocean & sea combines natural character with massive value and dangerous appeal.,Geography,Ocean & Sea,ocean-sea,natural|massive|dangerous|unexplored|exclusive,11620000000000000000000,0.7614,real,available,synthetic_product_v1,42,0.7911,0.9041,0.8125,0.5898,0.1475,0.9643,0.11,0.0024,0.8661
Mariana Trench,"Mariana Trench is a fictional ocean & sea selected for its natural, massive, and dangerous qualities.",Geography,Ocean & Sea,ocean-sea,natural|massive|dangerous|unexplored,7042000000000000000000,0.6907,fictional,available,synthetic_product_v1,42,0.7943,0.7823,0.9424,0.6672,0.1038,1.0,0.1622,0.0,0.9968
Crimson Uncharted Sea,"Crimson Uncharted Sea is a real ocean & sea selected for its natural, massive, and dangerous qualities.",Geography,Ocean & Sea,ocean-sea,natural|massive|dangerous|unexplored,4458000000000000000000,0.82,real,available,synthetic_product_v1,42,0.7317,0.8053,0.7658,0.5753,0.1192,0.979,0.1819,0.0,0.8744
Silent Uncharted Sea,"Silent Uncharted Sea is a real ocean & sea selected for its natural, massive, and dangerous qualities.",Geography,Ocean & Sea,ocean-sea,natural|massive|dangerous|unexplored|valuable|rare,4482000000000000000000,0.8247,real,available,synthetic_product_v1,42,0.688,1.0,0.8891,0.5848,0.0586,0.8539,0.1939,0.0,0.824
Golden Uncharted Sea,"A singular ocean & sea known for being natural, massive, and unusually dangerous.",Geography,Ocean & Sea,ocean-sea,natural|massive|dangerous|unexplored|destructive,20630000000000000000000,0.7814,speculative,available,synthetic_product_v1,42,0.7882,0.8344,0.8973,0.6399,0.0,1.0,0.2674,0.0,0.9502
Obsidian Uncharted Sea,"A singular ocean & sea known for being natural, massive, and unusually dangerous.",Geography,Ocean & Sea,ocean-sea,natural|massive|dangerous|unexplored|exclusive|destructive,8688000000000000000000,0.6569,real,available,synthetic_product_v1,42,0.8412,0.8814,0.7923,0.6835,0.0369,0.9728,0.2663,0.02,0.9719
Luminous Uncharted Sea,This real ocean & sea combines natural character with massive value and dangerous appeal.,Geography,Ocean & Sea,ocean-sea,natural|massive|dangerous|unexplored|rare,20720000000000000000000,0.7502,real,available,synthetic_product_v1,42,0.7415,0.7717,0.8957,0.8104,0.0515,1.0,0.2446,0.0703,0.9456
Antarctica,This fictional land & territory combines natural character with massive value and powerful appeal.,Geography,Land & Territory,land-territory,natural|massive|powerful|valuable|exclusive|luxury,48610000000000000000000,0.6265,fictional,available,synthetic_product_v1,42,0.3524,0.8945,0.7026,0.7615,0.1512,0.9168,0.039,0.0,0.8956
Sahara Desert,"A singular land & territory known for being natural, massive, and unusually powerful.",Geography,Land & Territory,land-territory,natural|massive|powerful|valuable|luxury,88930000000000000000000,0.5503,real,available,synthetic_product_v1,42,0.4551,0.888,0.6503,0.7918,0.1456,0.9898,0.1114,0.0105,0.8961
Amazon Rainforest,"A singular land & territory known for being natural, massive, and unusually powerful.",Geography,Land & Territory,land-territory,natural|massive|powerful|valuable,95380000000000000000000,0.7701,real,available,synthetic_product_v1,42,0.4421,0.9407,0.75,0.6801,0.0516,0.8835,0.1849,0.0,0.9161
Crimson Remote Territory,"Crimson Remote Territory is a real land & territory selected for its natural, massive, and powerful qualities.",Geography,Land & Territory,land-territory,natural|massive|powerful|valuable|luxury|exclusive,60640000000000000000000,0.7597,real,unavailable,synthetic_product_v1,42,0.3048,0.8112,0.7714,0.7277,0.1216,1.0,0.0624,0.0,0.8864
Silent Remote Territory,"A singular land & territory known for being natural, massive, and unusually powerful.",Geography,Land & Territory,land-territory,natural|massive|powerful|valuable|exclusive|luxury,13460000000000000000000,0.7058,real,available,synthetic_product_v1,42,0.4503,0.8616,0.6908,0.6468,0.1284,0.9582,0.0683,0.0242,0.9709
Golden Remote Territory,"A singular land & territory known for being natural, massive, and unusually powerful.",Geography,Land & Territory,land-territory,natural|massive|powerful|valuable|luxury,206200000000000000000000,0.8005,real,available,synthetic_product_v1,42,0.4979,0.9734,0.7005,0.6954,0.171,0.9497,0.0805,0.0975,0.7573
Obsidian Remote Territory,This speculative land & territory combines natural character with massive value and powerful appeal.,Geography,Land & Territory,land-territory,natural|massive|powerful|valuable|luxury|exclusive,1284000000000000000000000,0.8009,speculative,sold_out,synthetic_product_v1,42,0.3316,0.8191,0.7392,0.7759,0.0,0.9788,0.0706,0.0,0.9324
Luminous Remote Territory,This real land & territory combines natural character with massive value and powerful appeal.,Geography,Land & Territory,land-territory,natural|massive|powerful|valuable|luxury,85560000000000000000000,0.7208,real,available,synthetic_product_v1,42,0.414,0.8678,0.7,0.6831,0.1488,0.9691,0.0937,0.0,0.9746
Forgotten Remote Territory,"A singular land & territory known for being natural, massive, and unusually powerful.",Geography,Land & Territory,land-territory,natural|massive|powerful|valuable|exclusive|luxury,72090000000000000000000,0.7551,real,available,synthetic_product_v1,42,0.4668,0.812,0.7274,0.771,0.0803,0.8978,0.1449,0.0575,0.9257
Dragon Egg,"A singular magical item known for being fantasy, mysterious, and unusually legendary.",Fantasy,Magical Item,magical-item,fantasy|mysterious|legendary|collectible,449900000000,0.7201,fictional,available,synthetic_product_v1,42,0.6682,0.8063,0.8134,0.7523,0.1344,0.1323,0.9765,0.1476,0.8171
Philosopher's Stone,"Philosopher's Stone is a speculative magical item selected for its fantasy, mysterious, and legendary qualities.",Fantasy,Magical Item,magical-item,fantasy|mysterious|legendary|collectible|valuable|rare,51430000000,0.9559,speculative,available,synthetic_product_v1,42,0.6153,0.9392,1.0,0.7186,0.0965,0.3424,0.9961,0.1407,0.8128
Invisibility Cloak,"A singular magical item known for being fantasy, mysterious, and unusually legendary.",Fantasy,Magical Item,magical-item,fantasy|mysterious|legendary|collectible|valuable,600100000000,0.8613,fictional,available,synthetic_product_v1,42,0.6863,0.9291,0.9336,0.5422,0.0743,0.2122,1.0,0.1254,0.927
Crimson Enchanted Artifact,"A singular magical item known for being fantasy, mysterious, and unusually legendary.",Fantasy,Magical Item,magical-item,fantasy|mysterious|legendary|collectible|rare|luxury,228900000000,0.9317,fictional,available,synthetic_product_v1,42,0.6627,0.9496,0.9876,0.6306,0.1608,0.2513,0.8779,0.0384,0.7741
Silent Enchanted Artifact,This fictional magical item combines fantasy character with mysterious value and legendary appeal.,Fantasy,Magical Item,magical-item,fantasy|mysterious|legendary|collectible|luxury|rare,155100000000,0.8772,fictional,available,synthetic_product_v1,42,0.5476,0.8532,0.9783,0.7855,0.1212,0.2257,0.9924,0.04,0.7461
Golden Enchanted Artifact,This fictional magical item combines fantasy character with mysterious value and legendary appeal.,Fantasy,Magical Item,magical-item,fantasy|mysterious|legendary|collectible|exclusive|powerful,342900000000,0.8028,fictional,available,synthetic_product_v1,42,0.569,0.8671,0.9238,0.5772,0.1589,0.2243,0.8871,0.1043,0.914
Obsidian Enchanted Artifact,This fictional magical item combines fantasy character with mysterious value and legendary appeal.,Fantasy,Magical Item,magical-item,fantasy|mysterious|legendary|collectible|rare|exclusive,67470000000,0.869,fictional,available,synthetic_product_v1,42,0.5549,0.7994,1.0,0.6185,0.1242,0.2025,0.9986,0.1185,0.9565
Luminous Enchanted Artifact,"Luminous Enchanted Artifact is a speculative magical item selected for its fantasy, mysterious, and legendary qualities.",Fantasy,Magical Item,magical-item,fantasy|mysterious|legendary|collectible,48300000000,0.8226,speculative,available,synthetic_product_v1,42,0.5651,0.8714,1.0,0.6842,0.213,0.137,0.9853,0.0181,0.7579
Forgotten Enchanted Artifact,"A singular magical item known for being fantasy, mysterious, and unusually legendary.",Fantasy,Magical Item,magical-item,fantasy|mysterious|legendary|collectible|exclusive|luxury,335500000000,0.9614,fictional,available,synthetic_product_v1,42,0.5147,0.9257,0.9111,0.7496,0.0981,0.1673,0.9736,0.0024,0.9328
Flight,"Flight is a speculative superpower selected for its fantasy, powerful, and impossible qualities.",Fantasy,Superpower,superpower,fantasy|powerful|impossible|exclusive|legendary|mysterious,4910000000,0.7651,speculative,available,synthetic_product_v1,42,0.7734,0.73,0.9172,0.3134,0.1834,0.0512,1.0,0.0932,0.9746
Telepathy,"Telepathy is a fictional superpower selected for its fantasy, powerful, and impossible qualities.",Fantasy,Superpower,superpower,fantasy|powerful|impossible|exclusive,7868000000,0.7334,fictional,available,synthetic_product_v1,42,0.7525,0.8234,0.9725,0.2749,0.2665,0.0462,0.8639,0.1031,0.996
Invulnerability,"A singular superpower known for being fantasy, powerful, and unusually impossible.",Fantasy,Superpower,superpower,fantasy|powerful|impossible|exclusive|destructive|mysterious,11530000000,0.8832,fictional,available,synthetic_product_v1,42,0.856,0.9102,0.9812,0.316,0.1805,0.0747,1.0,0.1115,1.0
Crimson Impossible Ability,"Crimson Impossible Ability is a fictional superpower selected for its fantasy, powerful, and impossible qualities.",Fantasy,Superpower,superpower,fantasy|powerful|impossible|exclusive|legendary|rare,13580000000,0.7168,fictional,available,synthetic_product_v1,42,0.8303,0.7621,0.9343,0.1746,0.2086,0.1035,1.0,0.0869,0.9958
Silent Impossible Ability,"A singular superpower known for being fantasy, powerful, and unusually impossible.",Fantasy,Superpower,superpower,fantasy|powerful|impossible|exclusive|rare,4895000000,0.8706,speculative,available,synthetic_product_v1,42,0.6842,0.6498,0.9875,0.1274,0.2765,0.1251,1.0,0.2304,1.0
Golden Impossible Ability,"A singular superpower known for being fantasy, powerful, and unusually impossible.",Fantasy,Superpower,superpower,fantasy|powerful|impossible|exclusive,3049000000,0.8167,fictional,available,synthetic_product_v1,42,0.7177,0.6491,0.9785,0.2971,0.189,0.1198,1.0,0.0653,1.0
Obsidian Impossible Ability,"Obsidian Impossible Ability is a fictional superpower selected for its fantasy, powerful, and impossible qualities.",Fantasy,Superpower,superpower,fantasy|powerful|impossible|exclusive,13800000000,0.8216,fictional,available,synthetic_product_v1,42,0.7827,0.8043,1.0,0.2964,0.0609,0.2196,1.0,0.1367,1.0
Luminous Impossible Ability,"A singular superpower known for being fantasy, powerful, and unusually impossible.",Fantasy,Superpower,superpower,fantasy|powerful|impossible|exclusive,25170000000,0.8634,fictional,available,synthetic_product_v1,42,0.7668,0.766,1.0,0.2048,0.1711,0.1623,0.9403,0.009,1.0
Excalibur,This fictional fictional object combines fantasy character with collectible value and legendary appeal.,Fantasy,Fictional Object,fictional-object,fantasy|collectible|legendary|valuable|mysterious,91370000000,0.9067,fictional,available,synthetic_product_v1,42,0.6581,0.9902,0.9962,0.4547,0.4926,0.0862,0.9516,0.1456,0.877
One Ring,This fictional fictional object combines fantasy character with collectible value and legendary appeal.,Fantasy,Fictional Object,fictional-object,fantasy|collectible|legendary|valuable|luxury,40930000000,0.7786,fictional,sold_out,synthetic_product_v1,42,0.5224,0.8537,0.8997,0.5954,0.3775,0.0593,0.9511,0.4082,0.8376
Pandora's Box,"A singular fictional object known for being fantasy, collectible, and unusually legendary.",Fantasy,Fictional Object,fictional-object,fantasy|collectible|legendary|valuable,70270000000,0.783,fictional,coming_soon,synthetic_product_v1,42,0.5965,0.9365,0.9643,0.6666,0.4717,0.1272,1.0,0.1398,0.8608
Crimson Legendary Object,"Crimson Legendary Object is a fictional fictional object selected for its fantasy, collectible, and legendary qualities.",Fantasy,Fictional Object,fictional-object,fantasy|collectible|legendary|valuable|powerful|luxury,125800000000,0.8571,fictional,available,synthetic_product_v1,42,0.474,0.9483,0.9728,0.5166,0.3516,0.0853,0.9035,0.0637,0.9494
Silent Legendary Object,This fictional fictional object combines fantasy character with collectible value and legendary appeal.,Fantasy,Fictional Object,fictional-object,fantasy|collectible|legendary|valuable,35180000000,0.8377,fictional,sold_out,synthetic_product_v1,42,0.5422,0.7922,0.958,0.4612,0.3726,0.1281,0.9842,0.2423,0.7262
Golden Legendary Object,This fictional fictional object combines fantasy character with collectible value and legendary appeal.,Fantasy,Fictional Object,fictional-object,fantasy|collectible|legendary|valuable|mysterious,44820000000,0.7668,fictional,available,synthetic_product_v1,42,0.5262,0.8683,0.9387,0.5834,0.537,0.2824,0.993,0.0403,0.8262
Obsidian Legendary Object,"Obsidian Legendary Object is a fictional fictional object selected for its fantasy, collectible, and legendary qualities.",Fantasy,Fictional Object,fictional-object,fantasy|collectible|legendary|valuable|powerful,30590000000,0.864,fictional,available,synthetic_product_v1,42,0.5891,0.9511,0.9511,0.4363,0.394,0.161,0.8666,0.2235,0.9018
Luminous Legendary Object,"A singular fictional object known for being fantasy, collectible, and unusually legendary.",Fantasy,Fictional Object,fictional-object,fantasy|collectible|legendary|valuable|exclusive|mysterious,44280000000,0.6684,fictional,available,synthetic_product_v1,42,0.5921,0.7629,0.9424,0.4917,0.4945,0.1532,0.9289,0.1434,0.8739
Mona Lisa,"A singular artwork known for being cultural, beautiful, and unusually collectible.",Art & Culture,Artwork,artwork,cultural|beautiful|collectible|valuable|luxury,36960000000,0.7448,real,coming_soon,synthetic_product_v1,42,0.0591,0.8635,0.7862,0.8706,0.0671,0.2024,0.3536,0.0,0.5851
The Starry Night,"The Starry Night is a real artwork selected for its cultural, beautiful, and collectible qualities.",Art & Culture,Artwork,artwork,cultural|beautiful|collectible|valuable,14320000000,0.8366,real,available,synthetic_product_v1,42,0.1136,0.9717,0.8678,0.7858,0.0509,0.3607,0.4795,0.0,0.464
David,"David is a real artwork selected for its cultural, beautiful, and collectible qualities.",Art & Culture,Artwork,artwork,cultural|beautiful|collectible|valuable,34530000000,0.7047,real,available,synthetic_product_v1,42,0.1446,1.0,0.6635,0.8209,0.1038,0.2535,0.4368,0.0,0.5268
Crimson Masterpiece,"Crimson Masterpiece is a real artwork selected for its cultural, beautiful, and collectible qualities.",Art & Culture,Artwork,artwork,cultural|beautiful|collectible|valuable|luxury,90740000000,0.8188,real,available,synthetic_product_v1,42,0.1258,0.9975,0.809,0.9117,0.1265,0.2611,0.3046,0.0065,0.6185
Silent Masterpiece,"A singular artwork known for being cultural, beautiful, and unusually collectible.",Art & Culture,Artwork,artwork,cultural|beautiful|collectible|valuable|historic|luxury,78460000000,0.8303,historical,available,synthetic_product_v1,42,0.1725,0.9576,0.7508,0.9505,0.191,0.1864,0.3761,0.0,0.6175
Golden Masterpiece,"Golden Masterpiece is a historical artwork selected for its cultural, beautiful, and collectible qualities.",Art & Culture,Artwork,artwork,cultural|beautiful|collectible|valuable|historic|luxury,64240000000,0.5995,historical,available,synthetic_product_v1,42,0.0572,0.929,0.6803,0.9121,0.1605,0.1863,0.3293,0.0,0.3831
Obsidian Masterpiece,"A singular artwork known for being cultural, beautiful, and unusually collectible.",Art & Culture,Artwork,artwork,cultural|beautiful|collectible|valuable|historic|luxury,27670000000,0.8797,real,available,synthetic_product_v1,42,0.0794,0.9979,0.7486,0.9193,0.1449,0.2913,0.3984,0.0253,0.5066
Luminous Masterpiece,"A singular artwork known for being cultural, beautiful, and unusually collectible.",Art & Culture,Artwork,artwork,cultural|beautiful|collectible|valuable|historic,76920000000,0.7763,historical,available,synthetic_product_v1,42,0.1489,0.8883,0.7089,0.8449,0.1235,0.1177,0.4063,0.0,0.5996
Forgotten Masterpiece,"Forgotten Masterpiece is a historical artwork selected for its cultural, beautiful, and collectible qualities.",Art & Culture,Artwork,artwork,cultural|beautiful|collectible|valuable|historic,31930000000,0.5406,historical,coming_soon,synthetic_product_v1,42,0.0647,0.9023,0.63,0.8106,0.1567,0.126,0.4516,0.0,0.4902
Celestial Masterpiece,"Celestial Masterpiece is a real artwork selected for its cultural, beautiful, and collectible qualities.",Art & Culture,Artwork,artwork,cultural|beautiful|collectible|valuable|luxury|historic,9976000000,0.8112,real,available,synthetic_product_v1,42,0.0394,1.0,0.6533,0.966,0.2121,0.1232,0.4461,0.0,0.5165
Imperial Regalia,"Imperial Regalia is a real cultural treasure selected for its cultural, historic, and rare qualities.",Art & Culture,Cultural Treasure,cultural-treasure,cultural|historic|rare|valuable,8215000000000,0.572,real,available,synthetic_product_v1,42,0.2515,0.8375,0.6912,0.9374,0.1435,0.358,0.3898,0.0936,0.741
Library of Alexandria,"A singular cultural treasure known for being cultural, historic, and unusually rare.",Art & Culture,Cultural Treasure,cultural-treasure,cultural|historic|rare|valuable|luxury,1980000000000,0.6089,real,available,synthetic_product_v1,42,0.2205,0.9043,0.6223,1.0,0.1008,0.3034,0.2326,0.0888,0.6797
Terracotta Army,This historical cultural treasure combines cultural character with historic value and rare appeal.,Art & Culture,Cultural Treasure,cultural-treasure,cultural|historic|rare|valuable|luxury,18310000000000,0.8873,historical,unavailable,synthetic_product_v1,42,0.1687,0.9713,0.768,0.9994,0.0507,0.236,0.4127,0.0441,0.7723
Crimson Cultural Treasure,"A singular cultural treasure known for being cultural, historic, and unusually rare.",Art & Culture,Cultural Treasure,cultural-treasure,cultural|historic|rare|valuable|luxury,6116000000000,0.8109,real,available,synthetic_product_v1,42,0.3123,0.9142,0.651,0.9914,0.2297,0.2005,0.3432,0.0,0.6982
Silent Cultural Treasure,"A singular cultural treasure known for being cultural, historic, and unusually rare.",Art & Culture,Cultural Treasure,cultural-treasure,cultural|historic|rare|valuable|luxury,2009000000000,0.6095,historical,available,synthetic_product_v1,42,0.2116,0.8746,0.7246,0.9386,0.0896,0.501,0.3616,0.1216,0.674
Golden Cultural Treasure,"Golden Cultural Treasure is a historical cultural treasure selected for its cultural, historic, and rare qualities.",Art & Culture,Cultural Treasure,cultural-treasure,cultural|historic|rare|valuable|luxury,596400000000,0.5686,historical,available,synthetic_product_v1,42,0.118,0.8001,0.6428,1.0,0.1927,0.2157,0.4151,0.0895,0.795
Obsidian Cultural Treasure,"Obsidian Cultural Treasure is a historical cultural treasure selected for its cultural, historic, and rare qualities.",Art & Culture,Cultural Treasure,cultural-treasure,cultural|historic|rare|valuable|luxury,34450000000000,0.7197,historical,available,synthetic_product_v1,42,0.0138,0.896,0.7176,0.9867,0.1613,0.2279,0.2682,0.0386,0.7973
Luminous Cultural Treasure,"A singular cultural treasure known for being cultural, historic, and unusually rare.",Art & Culture,Cultural Treasure,cultural-treasure,cultural|historic|rare|valuable,9993000000000,0.7589,historical,available,synthetic_product_v1,42,0.2717,0.788,0.6624,1.0,0.1849,0.2862,0.3895,0.0,0.74
Forgotten Cultural Treasure,This historical cultural treasure combines cultural character with historic value and rare appeal.,Art & Culture,Cultural Treasure,cultural-treasure,cultural|historic|rare|valuable,1402000000000,0.588,historical,available,synthetic_product_v1,42,0.3298,0.7809,0.715,0.9403,0.2123,0.2183,0.3573,0.087,0.7305
Celestial Cultural Treasure,This historical cultural treasure combines cultural character with historic value and rare appeal.,Art & Culture,Cultural Treasure,cultural-treasure,cultural|historic|rare|valuable,22010000000000,0.6912,historical,available,synthetic_product_v1,42,0.1597,0.937,0.7703,1.0,0.1783,0.283,0.279,0.0456,0.7599
Northern Lights,This real natural phenomenon combines natural character with powerful value and beautiful appeal.,Abstract & Phenomena,Natural Phenomenon,natural-phenomenon,natural|powerful|beautiful|dangerous|rare,3319000000000000000,0.8125,real,available,synthetic_product_v1,42,0.8953,0.6666,0.9254,0.3283,0.1584,0.9661,0.3824,0.1248,0.7897
A Solar Eclipse,"A Solar Eclipse is a real natural phenomenon selected for its natural, powerful, and beautiful qualities.",Abstract & Phenomena,Natural Phenomenon,natural-phenomenon,natural|powerful|beautiful|dangerous|mysterious|destructive,2485000000000000000,0.8867,real,available,synthetic_product_v1,42,0.9196,0.6597,0.9571,0.3051,0.0711,0.9634,0.3595,0.0182,0.9007
A Perfect Storm,"A Perfect Storm is a speculative natural phenomenon selected for its natural, powerful, and beautiful qualities.",Abstract & Phenomena,Natural Phenomenon,natural-phenomenon,natural|powerful|beautiful|dangerous|destructive|exclusive,8701000000000000000,0.7568,speculative,available,synthetic_product_v1,42,0.9514,0.5878,0.8133,0.2287,0.1658,1.0,0.3983,0.1499,0.8644
Crimson Natural Phenomenon,"Crimson Natural Phenomenon is a real natural phenomenon selected for its natural, powerful, and beautiful qualities.",Abstract & Phenomena,Natural Phenomenon,natural-phenomenon,natural|powerful|beautiful|dangerous|destructive,326300000000000000,0.7242,real,available,synthetic_product_v1,42,0.8913,0.5137,0.9303,0.3542,0.0395,0.9855,0.4357,0.065,0.88
Silent Natural Phenomenon,This real natural phenomenon combines natural character with powerful value and beautiful appeal.,Abstract & Phenomena,Natural Phenomenon,natural-phenomenon,natural|powerful|beautiful|dangerous|rare|mysterious,15080000000000000000,0.8749,real,sold_out,synthetic_product_v1,42,0.8784,0.6573,0.9822,0.2624,0.0098,0.9495,0.3186,0.0889,0.988
Luck,A transferable measure of improbable good fortune with unpredictable side effects.,Abstract & Phenomena,Concept,concept,impossible|mysterious|powerful|valuable|rare|fantasy,399200000000000000000,0.9772,abstract,available,synthetic_product_v1,42,0.4158,0.8483,0.9568,0.7437,0.1843,0.2479,0.8738,0.0687,1.0
Silence,"Silence is a abstract concept selected for its impossible, mysterious, and powerful qualities.",Abstract & Phenomena,Concept,concept,impossible|mysterious|powerful|valuable|rare,38950000000000000000,0.8518,abstract,coming_soon,synthetic_product_v1,42,0.3748,0.7767,0.861,0.7058,0.1434,0.3504,0.7928,0.1632,1.0
Infinite Patience,"A singular concept known for being impossible, mysterious, and unusually powerful.",Abstract & Phenomena,Concept,concept,impossible|mysterious|powerful|valuable|legendary,342500000000000000000,0.9191,abstract,available,synthetic_product_v1,42,0.4812,0.6901,1.0,0.7522,0.1651,0.2537,0.9277,0.0,0.9879
Crimson Abstract Concept,This abstract concept combines impossible character with mysterious value and powerful appeal.,Abstract & Phenomena,Concept,concept,impossible|mysterious|powerful|valuable|fantasy,776300000000000000000,0.9378,abstract,available,synthetic_product_v1,42,0.3146,0.7326,1.0,0.7796,0.1742,0.3704,0.8774,0.1745,0.9855
Silent Abstract Concept,This abstract concept combines impossible character with mysterious value and powerful appeal.,Abstract & Phenomena,Concept,concept,impossible|mysterious|powerful|valuable|rare|exclusive,44440000000000000000,0.7959,abstract,available,synthetic_product_v1,42,0.4764,0.7282,1.0,0.703,0.0645,0.3101,0.7781,0.0586,0.9942
One Extra Hour Per Day,"A private twenty-fifth hour added to every day, visible only to its owner.",Abstract & Phenomena,Time & Reality,time-reality,impossible|mysterious|powerful|exclusive|luxury,4081000000000000000000000,0.987,abstract,available,synthetic_product_v1,42,0.8032,0.9391,0.9263,0.652,0.6203,0.1723,1.0,0.4697,0.9438
A Second Timeline,This speculative time & reality combines impossible character with mysterious value and powerful appeal.,Abstract & Phenomena,Time & Reality,time-reality,impossible|mysterious|powerful|exclusive,457200000000000000000000,0.7692,speculative,coming_soon,synthetic_product_v1,42,0.8938,0.9644,0.959,0.6482,0.7068,0.1717,1.0,0.3328,1.0
Yesterday,This abstract time & reality combines impossible character with mysterious value and powerful appeal.,Abstract & Phenomena,Time & Reality,time-reality,impossible|mysterious|powerful|exclusive|valuable|rare,347900000000000000000000,0.8262,abstract,available,synthetic_product_v1,42,0.7461,0.8624,0.9638,0.6429,0.7161,0.1546,0.8934,0.4326,0.9516
Crimson Reality Fragment,"Crimson Reality Fragment is a speculative time & reality selected for its impossible, mysterious, and powerful qualities.",Abstract & Phenomena,Time & Reality,time-reality,impossible|mysterious|powerful|exclusive|luxury|rare,8503000000000000000000000,0.7644,speculative,available,synthetic_product_v1,42,0.9027,0.938,0.8998,0.6861,0.7373,0.111,1.0,0.4797,0.9945
Silent Reality Fragment,"A singular time & reality known for being impossible, mysterious, and unusually powerful.",Abstract & Phenomena,Time & Reality,time-reality,impossible|mysterious|powerful|exclusive|valuable|dangerous,5338000000000000000000000,0.97,speculative,available,synthetic_product_v1,42,0.7949,0.8552,0.9408,0.6093,0.7292,0.1336,0.9905,0.3201,1.0
